,score,word
br,0.9808493460632992,br
top,0.09100664035638859,top
destination,0.09100664035638859,destination
dubai,0.04044739571395048,dubai
new,0.030335546785462863,new
park,0.030335546785462863,park
